Date and Time Created,User Name,Tweet for covid,Response
2020-04-30 05:29,Wajdi_rokhibi,Satu family aku gangster . Gangster boleh lawan covid tak . Dah bosan dok rumah ni haha https://twitter.com/muha4a/status/1254890149273460736 …,1
2020-04-30 05:28,omeroguzhannn,Covid polde çalışan birine göre fazla iyimser gördüm seni,0
2020-04-30 05:28,piahontiveros,Summer blooms (Covid or no Covid) pic.twitter.com/8KJvcUKjjK,0
2020-04-30 05:28,farisfakh,"Ayuk, mukai sekarang sebarkan berita positif supaya tidak menjadi beban pikiran ke orang lain. Covid-19 itu ada dan nyata. Jadi, bedakan 'fear' dan 'aware'. Tetap waspada dan jangan terlalu takut. # matikanTV # kuatkitabersinar",1
2020-04-30 05:27,demirtuning2,Şimdi bugün 3 günlük evde kalcaz curcunayi izle sanki bir ay evde kalcaz gibi alışveriş yapanlar olacak. # Covid_19 # istanbulsozlesmesi # Persembe,0
2020-04-30 05:26,UMS_EcoCampus,Ikuti secara langsung bersama Profesor Madya Dr. Jidon @Adrian Janaun tentang topik 'Perkongsian Inovasi Komersial dan Inovasi untuk COVID-19' Tarikh : 30 April 2020 Masa : 12:00 tengah hari Facebook : @ UMS.official # UMSKampusRahmah # covid_19 # UMSAprilPostpic.twitter.com/5kUMtdwbej,0
2020-04-30 05:26,Enesuur29859068,Kesin Şu # Covid_19 Bitecek Uzaylılar Dünyayı Esir Alacak Aq,0
2020-04-30 05:24,JJamesMcL,COVID-19: Melatonin as a potential adjuvant treatment https://www.sciencedirect.com/science/article/pii/S0024320520303313 …,0
2020-04-30 05:21,NeniHol,Kesian Menteri BD baru pegang jawatan kena tangani musibah Covid 19,0
2020-04-30 05:21,panasabila,"Iyaaa sih uss, pasti harus ada langkah efisiensi buat survive kalau memang bisnis perusahaannya kena imbas covid, semangaaaat gaesss para budak korporatkuuu!!!",0
2020-04-30 05:21,YunusKis,# Covid_19 Yemen bugün 6 yeni vaka ile sıfır vaka listesinden çıktı. Türkiyede işler çok iyi gidiyor söylemlerine dikkat etmeliyiz. Ben şahsen + 65’lere sokağa çıkma izni verilmesine sıcak bakamıyorum. Aman dikkat! Bütün Dünya sorunlu...,0
2020-04-30 05:17,DharmaDana,"Om swastyastu, Minta ijin shareTempat Air yg akan dibagikan olh tim peduli covid 19 di Kupang di bawah koordinasi PHDI NTT. Semoga kegiatan umat Hindu NTT peduli covid mmbberikn mnfaat dlm pnganan penyebaran virus corona di kupang. Om Santih, Santih, Santih Om pic.twitter.com/ieg7Ln3By3",0
2020-04-30 05:17,itsMeMarlBorah,ang laking perwisyo talaga ng covid 19 sa buong mundo,0
2020-04-30 05:16,alleyaaa12,Apa di kalian sama berita covid-19 di line gaada ? # tirtapic.twitter.com/0bhEYVIecs,0
2020-04-30 05:15,drthuranira,"Fuel and maintenance @Ksh 40,000 each per WEEK for 30 vehicles for a year = 14,400,000. We want to sincerely thank our frontline health workers for their dedication in the fight against COVID-19. Even in a pandemic they will still eat.",1
2020-04-30 05:15,HasanAmman,Q & A on LGBTQ related issues during the COVID-19 crises. # LGBTQ # LGBT # Covid_19pic.twitter.com/cqzuM23btH,0
2020-04-30 05:12,jimmmyuhhhh,di ko pagawson taman mawa ang covid atay,0
2020-04-30 05:12,djumelan,Apakah itu ex napi yg baru dikeluarkan karena covid 19 ??,0
2020-04-30 05:09,Hartopiano,Takjil Gratis untuk umum dan pembagian sembako untuk warga Kab.Pemalang di Jakarta terdampak covid-19. Kamis dan Jumat tgl.30/4 - 1/5 /20 jam:17.00 lokasi Warung Nasi Pemalang @ Metro_TV @ OfficialiNewsTV @ TRANS7 @ Indosiar @ BBCIndonesia @ kompascom @ detikcom @ republikaonlinepic.twitter.com/LYuzmRlnIT – bei Universitas Mercu Buana,0
2020-04-30 05:08,Ricky2113543920,"Terimakasih Tim Medis, yang sudah berada di garda terdepan melawan Covid-19 # savelife # saveIndonesiapic.twitter.com/DLIe3nHokC",0
2020-04-30 05:05,smitchheda123,Dude. Any sources. Don't just go on typing! Could you please show where it has been mentioned that Maharashtra would receive 15k crores for Covid. Do clear me with your data. let's argue later on this matter. It was around 1600 and not such high value,1
2020-04-30 05:05,sktan5254,Hi Covid. I may have gone for a breakoutif not 4 u.,0
2020-04-30 05:05,teleparallel,"This # Japan thingy for Covid doesn't make sense .... logically, statistically or conspiracy theory wise ... https://twitter.com/luigi_warren/status/1255181542835380231 …",1
2020-04-30 05:02,mrwin0898288079,1. แจกหน้ากากฟรี และน้ำยาล้างมือฟรีทุกมุมเมือง และร้านค้าทุกร้าน 2. ค่ารักษาพยาบาลฟรีแก่ทุกคนที่ติดเชื้อ COVID-19 3. อาหารฟรี 2 มื้อ ต่อคนต่อวัน 4. วัดไข้ฟรีทุกวัน แม้แต่ทดสอบเชื้อ COVID -19 สำหรับคนกลุ่มเสี่ยง pic.twitter.com/PqjLzW3ANn,0
2020-04-30 05:00,Im_Mushfiq,A Mother cat bringing her baby to the hospital in her mouth. The world is getting better at that moment # Covid_19 # CoronavirusOutbreakpic.twitter.com/RS4kJOrY0T,1
2020-04-30 04:55,aqua_ask,Sir is it due to covid-19 and international economy position or something else?,-1
2020-04-30 04:53,DrImtia76064139,We feel proud for u @ himantabiswa savior of North East from covid-19 https://twitter.com/CNNnews18/status/1255536068901789697 …,1
2020-04-30 04:50,drvibhasinha07,Covid will go tillwe get heard immunity-achieved when 50% resistant to infection by either a prev infection/vaccine.we are prolonging time 2get herd immunity by social distancing and lockdown necessary to reduce mortality pandemic b4-२ years when reach 50 -60% protectnby March22,1
2020-04-30 04:50,f_alfadli__,كما أوصى الفريق الصيني بصرف ايفون ١١ برو لكل فرد في الدوله .. # تقرير_الفريق_الصيني # Covid_19,0
2020-04-30 04:43,anashilali,Covid and lava pic.twitter.com/9CHdU57Z1e,0
2020-04-30 04:37,chanonwang,ใกล้ถึงเวลากลับมาจัดงานวิ่งหรือยังน่ะ? รอน่ะ.... # VFF # Covid-19 pic.twitter.com/bAg3EsSSNy,0
2020-04-30 04:37,Deepkaran_INC,Tune in tomorrow at 9am to @ incindia to watch @ RahulGandhi interacting with Former RBI Governor Dr. Raghuram Rajan on the critical issues related to COVID-19 and its economic impact. Here’s a snippet! @ INCIndiapic.twitter.com/GEqRyAAk7R,1
2020-04-30 04:34,MakkalKural99,Sri Lanka COVID - 19 Total Confirmed Cases - 649 Active Cases - 506 Recovered and Discharged - 136 Deaths - 7,1
2020-04-30 04:34,iamscienceguy,"Good morning everyone Its been 5 days including Sunday I started waking up at 4am and I am successful, loves this quarantine habit of self exploration. We all must try this at once ;) # Covid_19 # weekend # LockdownLife # HabitsOfSuccess # 4amclub # 5amclubpic.twitter.com/Xx6DuEYZDV",1
2020-04-30 04:33,knooz_aljood,# نقل_عفش # نقل_اثاث # شركة_نقل_عفش # شركة_تنظيف # تنظيف # نظافة # تكييف # نظافة_عامة # سبلت # صيانة # تنظيف_فلل # نظافة_فلل # فك # الشرقية 0554538800 - # الرياض 0505244209 # كنوز_الجود # Covid_19 # خلك_في_البيت # يالربع_الف_مبروكpic.twitter.com/LPWs8fK6oU,0
2020-04-30 04:31,muhdfathullah,Alhamdulillah Pasar Borong hari ni padat. ramai datang berdua. insyaAllah kita dapat selesaikan covid ni. Hidup kerajaan!!,0
2020-04-30 04:30,knooz_aljood,# نقل_عفش # نقل_اثاث # شركة_نقل_عفش # شركة_تنظيف # تنظيف # نظافة # تكييف # نظافة_عامة # سبلت # صيانة # تنظيف_فلل # نظافة_فلل # فك # الشرقية 0554538800 - # الرياض 0505244209 # كنوز_الجود # Covid_19 # خلك_في_البيت # افنانيتا_سنابpic.twitter.com/4WvTYzq4xh,0
2020-04-30 04:29,knooz_aljood,# نقل_عفش # نقل_اثاث # شركة_نقل_عفش # شركة_تنظيف # تنظيف # نظافة # تكييف # نظافة_عامة # سبلت # صيانة # تنظيف_فلل # نظافة_فلل # فك # الشرقية 0554538800 - # الرياض 0505244209 # كنوز_الجود # Covid_19 # خلك_في_البيت # يالربع_الف_مبروكpic.twitter.com/Vc7pQG8xgf,0
2020-04-30 04:29,Mr__phenomenal_,This is silent scam by central govt on covid-19 testing kit # BJPCoronaCorruption # chowkidaarchorhaihttps://twitter.com/thedesiedge/status/1254717222456451072 …,0
2020-04-30 04:28,Gousharma,Toh aapne kya kiya 60 years me?? Don’t blame the current Govt. to hide your failures and incompetencies. Thanks to PM @ narendramodi and the whole team for leading the world from front to combat Covid-19. India is doing best in the world..,1
2020-04-30 04:28,knooz_aljood,# معا_للغد # نقل_عفش # نقل_اثاث # شركة_نقل_عفش # شركة_تنظيف # تنظيف # نظافة # تكييف # نظافة_عامة # سبلت # صيانة # تنظيف_فلل # نظافة_فلل # فك # الشرقية 0554538800 - # الرياض 0505244209 # كنوز_الجود # Covid_19 # خلك_في_البيتpic.twitter.com/UJfOVyiXG8,0
2020-04-30 04:27,sadahaqnews,Corona Updates. # corona # coronavirus # sadahaqnews # sadahaq # saaddahaq # saaddahaqnews # covid_19 # stayhome # staysafe @ diljitdosanjh @ CPDelhi @ DCPNewDelhi @ DCPSouthDelhi @ DCPWestDelhi @ DCPSEastDelhi @ DCPCentralDelhi @ DCPNWestDelhi @ DCPIGI @ DCPEastDelhipic.twitter.com/5zBwBeeQS5,0
2020-04-30 04:26,sadahaqnews,Corona Updates. # corona # coronavirus # sadahaqnews # sadahaq # saaddahaq # saaddahaqnews # covid_19 # stayhome # staysafe @ TwitterIndiapic.twitter.com/nch0dlmddH,0
2020-04-30 04:23,ShowkatGojery,"Impact of COVID 19 on Women. # DomesticViolence shows a rising graph.. Social Evil. Grief doesn't demand pity ,it requires acknowledgement. @ antonioguterres @ DavidBLowry @ JeffOllerton @ DrSyedSehrish @ AliyaNazki @ mkatjupic.twitter.com/MC4tnlARa9",-1
2020-04-30 04:17,sadahaqnews,Corona Updates. # corona # coronavirus # sadahaqnews # sadahaq # saaddahaq # saaddahaqnews # covid_19 # stayhome # staysafe @ diljitdosanjh @ theJagmeetSingh @ sherryontopp @ harbhajan_singh @ petervirdee @ JustinTrudeaupic.twitter.com/ObtIqO7w91,0
2020-04-30 04:17,imleedhali,"Please dont get me wrong, but its mentally exhausting to see covid-19 everywhere, let’s some of us gather up and do something to entertain people as well at this hard time?",-1
2020-04-30 04:15,jasmine_gogri,Agar Merit ka samaan hota toh aaj # Coronavirus ka research ho jaata..but Merit is not valued only Reservation quota is honored..so wait for them to get way out Else respect Merit & abolish Reservation @ PMOIndia @ narendramodi @ AmitShah Else wait for 70 yrs to find covid treatment https://twitter.com/Sandeep39680610/status/1255126652813635584 …,0
2020-04-30 04:14,dyradyre,"If covid can spread via barbershop, imagine in a dental setup i dont trust myself nor my colleagues. That’s all. Also I feel like we should also have a say since idk our lives are at stake",0
2020-04-30 04:13,uul_chania,Frozen food by upiek Salero untuk menuhin stok dikulkas mu jangan lupa di order ya Mak Bun.... # upieksalero # sr12skincare # frozenfood # dirumahaja # puasa # covid_19 @Pekanbaru https://www.instagram.com/p/B_lPu8VJWx2/?igshid=1pldit41donzf …,0
2020-04-30 04:07,Mr72bAkhter,"Covid 19..... @Sumbal, Jammu and Kashmir https://www.instagram.com/p/B_lPDqiF-RM/?igshid=2882o0i2lynm …",0
2020-04-30 04:06,waappey,Covid-19 ah positive vegen raajje in furathama niyaavi Aminath Ali fasdhaanulavvaifi. Ya Allah maruhoomaage furaanayah suvarugeyge mathiveriveri niumai minvarukohdhevvaa Aailaa ah kehtherikan dhevvaashi. Aameen pic.twitter.com/qQ608op9b5,1
2020-04-30 04:05,Tavpritesh,Covid times.,0
2020-04-30 04:05,MDVICKYNAAZ1,@ NitishKumar अब आप तो खुश होकर # बिहार के फंसे हुए # students & # labours को मंगवा लीजिए। कि सारा # time धन्यवाद कहने के गुजरिएगा। एक बात # याद रखिए सर आपको इस तरह साथ नहीं छोड़ना चाहिए क्योंकि # लड़ाई # मिलकर लड़ी जाए तो १००% जीत मिलती है। चाहे # covid के खिलाफ या अन्याय के खिलाफ https://twitter.com/NitishKumar/status/1255514503388827650 …,0
2020-04-30 04:03,Hasontey11,Covid 19 is made a good business plan for the people in power,1
2020-04-30 04:02,rizwan_uzzaman,@ voicengo_india volunteers while feeding steel animals in COVID 19 Pandemic @ narendramodi @ DrJitendraSingh @ dcjammuofficial @ rimco2055 @ ShenazGanai @ listenshahid @ AmitShah @ NarinderRaina4 @ SayeedSpeaks @ jmcjammu @ tariq__malik @ UNEP @ aamirrather77 @ LoneArif123 @ dograjournalistpic.twitter.com/gyEZjYM6fz,0
2020-04-30 03:57,UllahKaleem1,Allah kary tum covid 19 lag jaye ameen,0
2020-04-30 03:52,rajivseth1959,"@ USCIRF No it is not, absolutely not. India is not a country of any particular concern. You people are mistaken. See, in such period of COVID-19, should people roam like this?? And create life hazards for other citizens & problems for country?? Think twice & issue a fresh note. pic.twitter.com/ev5X0s95vU",1
2020-04-30 03:52,WanRezzardee,Troublesome la this covid. Because of you i need to submit my temperature on the healthbot everyday. Even on my off days.,-1
2020-04-30 03:51,sakuredu,"there's no vaccine or supplements to counter covid-19 my dude. Please dont think about you, but your family's health as well.",0
2020-04-30 03:45,sitihawahamzah,30.04.2020 - # NewZealand test results. Understand this. # lessonslearnt COVID-19 - Testing rates for ethnicity and DHB https://www.health.govt.nz/our-work/diseases-and-conditions/covid-19-novel-coronavirus/covid-19-current-situation/covid-19-current-cases/covid-19-testing-rates-ethnicity-and-dhb …,0
2020-04-30 03:44,RajuMon43855976,"Please sir I promise that I always want to become medical check up full body for rape or sex or assault or military or army or soldiers or hide or defense or COVID 19 or coronaviras etc.... But unchange my final decision sir minimum Rs20,000crores from Rafale .....",1
2020-04-30 03:42,Tajim491,Impasse of life because of Covid-19. Staying home for the last 52 days! # QuarantineDay53pic.twitter.com/MQA3EHlAty,0
2020-04-30 03:40,dev_prints,This lady is working in a ICU dept in hospital where covid patients are treated. She came home after 20 days of non-stop service. Her family n society people welcomed her. @ Swamy39 @ArnabSpeaks25 @ arunbajpairajan @ Deshsarwohpari @ KapilMishra_IND @ sudhirchaudharypic.twitter.com/vGHwzYBWbR,0
2020-04-30 03:38,Pusht0on,"US National institute of allergy & infectious diseases in a trial consisting around thousand # Covid infected patients at different hospitals, concluded that the drug reduces duration of symptoms from 15 to 11 days, however it should be tested in larger population.",0
2020-04-30 03:33,dendanial_,"piq , ramadan ni piq , bangang tu simpan sikit piq , berleluasa macam covid dah aku tengok",0
2020-04-30 03:31,Ezsham,"Day 1,909 | 30th April 2020 | # ishmeenroadtorecovery : Day 44 - Malaysia Lockdown Covid 19. Carrot Walnut Cake for Sahur. Day 7, Fasting in the Holy Month of Ramadan 2020. Home cook meal is the best, especially for… https://www.instagram.com/p/B_lK7f-Js8f/?igshid=167hfqc59xtsr …",1
2020-04-30 03:30,rasithaw,Fantastic read Anush..probably the best Covid-19 article! Thanks for sharing. Awesome!,1
2020-04-30 03:27,uul_chania,Ini model yang ada lengannya ya Mak... Biar g seksi2 kali kakerna anak masih satu kamar ma kita... http://Wa.me/087838371050 # lingerie # lingeriecantik # lingeriemurah # dirumahaja # tetapdirumah # tidakmudik # covid_19 @… https://www.instagram.com/p/B_lKbL1JKXI/?igshid=ea9zbj5nxxq9 …,0
2020-04-30 03:26,ankit_patel1675,# Stay_Home_Stay_Safe # Covid_19_Theme # Be_Safe_&_Secure # 5_Months_Completed # Poser # Cute_Pie # Loved_U_Bittu # Mr_Jihan # AD Children are Our most Valuable Natural Resource… https://www.instagram.com/p/B_lKWawDTRLyq5YHC17FiHnSKY3U_yOAWSInfo0/?igshid=1q3uva1206unt …,1
2020-04-30 03:23,deshmukh_aamer,Info about covid 19 plz listen carefully https://youtu.be/xkXxMGeCHlg # Covid19India # WHO # IndiaFightsCorona # CMUddhavThackeray,-1
2020-04-30 03:22,yousufbec,القدرة العلاجية # لبذرة_الكتان رااائعة تناولها يوميا مع الفطور لتساعد في تعافي الجسم من: مرض الزهايمر الامراض الفيروسية البشرة الجافة ارتفاع الكولسترول نقص المناعة التهاب القولون امراض الكلى # الغذاء_والدواء # Covid_19 # الكورونا,0
2020-04-30 03:21,TRavindran11,Some people are easily getting rid of covid-19 while others even a doctor succumbed to covid. What is the critical issue in this we are yet to know.Strange we have not yet seen the killer and yet killing goes on.,1
2020-04-30 03:20,asifkhoja,"The PM of Pakistan is not taking COVID-19 seriously, how the common men will. Everything is seems normal in Twin cities. https://twitter.com/ZaeemZia/status/1255607098270011398 …",-1
2020-04-30 03:19,AkshayYaduvans2,@ PMOIndia sir I know you are a great leader non other person is as powerful as and you know what's is going in the world about covid 19 so according to humanity I am requesting you that please think about Rzd superior lalu prasad Yadav Now a days he is in old stage pic.twitter.com/7puRZr3e07,1
2020-04-30 03:11,MuzzammilAslam3,How are you fighting with COVID-19?,0
2020-04-30 03:08,mahamyd,Covid Village - doesn’t look like a good name for such a medical facility # COVID19Maldives,1
2020-04-30 03:07,RebahanOnly,Baru nyadar pemberitaan covid hilang dari Line # tirtapic.twitter.com/1416E2OJcv,0
2020-04-30 03:06,JAGheadJonez,"Missing one of Earth’s best COVID-19 fighters... Vietnam (buti nakapuslit pa kami bago mag-lockdown hehe)! @Cát Bà, Hải Phòng, Vietnam https://www.instagram.com/p/B_lIAXipopI/?igshid=1waoggydj2vn4 …",1
2020-04-30 03:03,alinyrehs,"Those toilet paper roll challenges seems stupid now, doesn’t it. @ AhmedMahloof @ abdulla_shahid @ Faisalnaifaru @ aliaazim @ MohamedNasheed @ Roxeyna or you guys up for a new challenge since we unlocked a new level in Covid-19.",-1
2020-04-30 03:02,sarahsaasha,"Yes, channels need to incorporate news which are not related to covid, light entertainment programs so viewers get a break. Its mentally exhausting to live this 24/7.",1
2020-04-30 02:54,imravi4law,बंगाल मे तो मोमता बानों कितने अच्छे से ईलाज कर रही है यह हम हिन्दू को पता है ।सारी योजनाओं और सारी सुविधाएं सिर्फ बंगलादेशी और रोहिंगया को बचाने के लिए है। वोट की राजनीति # COVIDー19 # Covid19India # Covid_19,0
2020-04-30 02:54,Mirza98733,https://r.glance.ly/YXHGaDeh-EG IIT GUWAHATI working to develop vaccine for Covid-19 https://r.glance.ly/getglance,0
2020-04-30 02:53,randomly_dany,"What's wrong with communist party madam, you know the state Kerala??? Haan they have 4 international airports and highest literacy rate, they are the best state to control covid... And they are happy? Stop labelling people",1
2020-04-30 02:52,markwrigght,"@ Don_Milton Sir, can the number of cases of Covid in Ukraine in towns with proximity to the containment zone, provide an alternative view on the effect of radiation on the Virus ? Do give it a thought.",0
2020-04-30 02:52,CoVid_19_0290,Asad Covid-19 https://twitter.com/iatiqabatool/status/1255544180463603713 …,0
2020-04-30 02:41,pvchr,"Check out my @ anchor podcast, JMN-PVCHR Humanitarian Work to Fight Back COVID 19, now on Overcast! https://overcast.fm/itunes1510237409/jmn-pvchr-humanitarian-work-to-fight-back-covid-19 …",0
2020-04-30 02:38,displayjunction,"क्यों इतने बेकार CM को हम स्वीकारें ? Most inept CM in Maharashtra History look at Covid 19 infection rate, highest in Maharashtra why ? Most probably corruption at every step. Abhi bhi koi sahi policy nahi. Police stoping vendors supplying at door step want us 2 go to mandi AH",1
2020-04-30 02:36,Bebekdurian,"Alaaa aku lupaa . Yang aku ingat "" my mother think this leave can kill covid""",0
2020-04-30 02:32,anmolvinayak961,# kalamorsiyahi # Legend # irfankhanactor # RIPIrrfanKhan # Hitman # coronavirus # LoveStory # remdesivir # COVIDー19 # Covid_19pic.twitter.com/VX94s6pesc,0
2020-04-30 02:28,touryest,This helps to people to understand swap testing procedure. # coronavirus # wednesdaymorning # Covid_19 # coronavirusinindia # Nashik # Nashikar # nashikkar # pandemic # StayHomeStaySafe # TogetherAtHomehttps://twitter.com/RexChapman/status/1254943961476739072 …,0
2020-04-30 02:21,HinaUmarMirza1,"As the COVID-19 crisis continues to evolve, businesses must be prepared to respond to rapidly unfolding events, and extract and apply learnings. Based on our ongoing analysis, we have distilled 12 lessons to help companies respond to pic.twitter.com/To3jNvNosk",0
2020-04-30 02:18,saudi_SSN,Free webinar on: HD &critical care nephrology during COVID-19 outbreak 14 May 2020 Online registration link inside the file https://drive.google.com/file/d/1GTN0dR_ur1G2zqA2118GRBxR8BphHG5B/view?usp=drivesdk … @ saudi_SSN @ aoss1317,1
2020-04-30 02:14,AniruddhYt,Just now published EP.3 of my Podcast. Topic : Let’s break down the Conspiracy theory about 5G ( that linked COVID-19 with 5G) Listen now on: Apple Podcast https://podcasts.apple.com/in/podcast/lets-talk-with-apple-buff/id1507226892#episodeGuid=66396bba-3fcc-4e9a-ac55-388b7a13ca3c … Spotify: https://open.spotify.com/episode/76KlGXTuEticoPGzlqTLGm?context=spotify%3Ashow%3A1ImgcX4QqibDRkxXtqgBZE&si=oarLT5CSQriDcNKI61Ne-Q …,-1
2020-04-30 02:12,amsad,Maldives has reported the first death from COVID-19. The 83-year-old Maldivian woman died this afternoon and was tested positive for coronavirus after her death. Follow our coverage for the latest updates on the coronavirus pandemic: https://mihaaru.com/covid_19,1
2020-04-30 02:12,AmirP121,"apa yg jelas adalah, disebalik mask yg tersarunh bibir ku masih tersisa nama mu, hand senitaizer yang ku guna tidak mampu melupakan genggamanmu. oleh itu.... aku pohon segera beransur bersama covid-19...! -Hakimy kimy-",0
2020-04-30 02:10,Jagades23967207,Govt of India is responsible no other states. How covid-19 is doing modi govt. now. same way earlier ruled govt. did mistake without proper language policy n removed all power to states.,1
2020-04-30 02:08,ChiragJoban05,"At-least some sort of Good news in these panic situations of Covid-19..... A potentially hazardous giant 2.5-mile sized Asteroid 1998 OR2 buzzed the planet just 3.9 million miles from its surface on Thursday 12:30 AM, without colliding the planet... # GiantAsteroid # 1998OR2",1
2020-04-30 02:07,KirenRijiju,This is an innovative yet meaningful gesture shown by Delhi Police. ‘Covid Patrol’ motorcycles of South Delhi District Police displaying their gratitude to our front line # CoronaWarriors AIIMS Doctors & paramedics. # IndiaFightsCoronapic.twitter.com/wNNiJxmbHL,1
2020-04-30 02:05,ZahidRaina1,Field soldiers from @ KWF2020 today delivered protective kits to the district administration Bandipora with an aim to augment the hospital supplies keeping the current grave Covid 19 Crisis into consideration. @ DDCBandipora @ SAWahid_27640 @ dicbandipora @ shahbazmirza9pic.twitter.com/GgsALRnDw7,0
2020-04-30 02:04,VinnuVamshi,"@ balkasumantrs Rfrnc:- Covid/2020(TS G), 40-3/2020-DM-A(MHA). Sub- Impossible movement of long dist stranded person by road. I'm pursuing http://M.tech On purpose f my thesis site work came to Assam. Here i am surviving without proper food, hiding 4m lcl pplpic.twitter.com/TlgxqGdrJw",-1
2020-04-30 02:04,BaagRafiuddin,This is bcos the delhi govt is giving preference to testing and the only way to get control over Covid is testing testing testing. Well done delhi govt.,0
2020-04-30 02:02,pathologyking,https://doi.org/10.36713/epra4354 … Article published on convelscent sera- treatment for enigmatic and novel covid 19 On International journal of multidisciplinary research pic.twitter.com/hQ7BfGKwgN,1
2020-04-30 02:00,Sheeraz76084679,Stop COVID'19 Ramzan Drive day 7 Rashan Activity COVID'19 80 Rashan baigs for blessing month Ramzan Shareef Distributed to neede families Alhamdullilah Pakistan Zindabad Team Al-Serrat Pakistan @ SindhCMHouse @ OfficialDGISPR @ CommissionerKhi @ ImranKhanPTI,0
2020-04-30 01:56,amierahafeyqah,Haa tp lain lain ada kata camni ada kata camtu so sekarang darurat ni sebab covid ka tak,0
2020-04-30 01:56,sashankvissa,Things in Andhra Pradesh are messed up. We have a CM who wants to change the capital city and conduct elections when covid cases are increasing exponentially in the state. Come out of your petty politics @ ysjagan and help ppl like your father did! # WeSupportTV5Murthyhttps://twitter.com/Bhushansz/status/1255541300851404801 …,1
2020-04-30 01:56,iDypak,How The Four ‘T’s Helped Assam Get Its Covid-Combat Strategy Right https://swarajyamag.com/politics/how-the-four-ts-helped-assam-get-its-covid-combat-strategy-right … via @ swarajyamag,1
2020-04-30 01:55,samrinahashmi,"He didnot say “ illiterate” ,All he said was regarding covid related social distancing education,",1
2020-04-30 01:51,Spazematic,"""Don't Matter"" meets Coronavirus Covid-19 # ShakeNdBakeEnt # dontmatter # TogetherWeStand # worldwide # SlipperySlopeEnt # worldstar # gAngInc # coronavirus # rap # covid19 # pandemic # omg # hiphop # pop # music # wtf @Worldwide https://www.instagram.com/p/B_k_Xe2n2Xb/?igshid=1l34f4ikl1td4 …",-1
2020-04-30 01:51,An00pChakole,I've stopped looking at the Covid-19 count,0
2020-04-30 01:48,itsDrAmmar,Covid-19 پر ہی treat de دیو bs,0
2020-04-30 01:45,MushAlwayzKhush,We use to look IPL Updates In April now we are looking tor Corona Virus Update here also Mumbai Indians are leading # coronaupdatesindia # Covid_19india # coronavirus # randomthought # ipl @ MumbaiIndianfan @ IPL,0
2020-04-30 01:44,riyadh_kbri,"Yth. Bapak Ibu WNI di Arab Saudi, Terlampir infografis data sebaran virus Covid 19 di Arab Saudi per tanggal 29 April 2020 jam 16.00 WAS dan peraturan tambahan terkait jam malam di kota Qatif. @ Kemlu_RI @ safetravelkemlu # NegaraMelindungipic.twitter.com/ry42XbESr9 – bei Embassy of The Republic of Indonesia | سفارة اندونيسيا",0
2020-04-30 01:43,ResearchSchola6,Good news!!!! Gilead's Antiviral Drug Remdesivir meets main goal of trial in COVID-19 patients https://www.gilead.com/news-and-press/press-room/press-releases/2020/4/gilead-announces-results-from-phase-3-trial-of-investigational-antiviral-remdesivir-in-patients-with-severe-covid-19 … @ Vibha_india @ ResearchSchola6 @ IndiaDST,1
2020-04-30 01:40,JamtaraSveep,"आपदा राहत कोष में कोई भी नागरिक,समाजसेवी,गणमान्य व्यक्ति या अन्य # कोरोना हेतु स्वेच्छा से राशि का सहयोग कर सकते हैं। BANK:- S.B.I. Combined Building Jamtara Account Holder Name COVID-19 AAPADA RAHAT KOSH, JAMTARA A/c:- 39282083656 IFSC Code:- SBIN0011830 @ prdjharkhandpic.twitter.com/R39yposnBv",0
2020-04-30 01:39,myselfstud,@ ArvindKejriwal @ bsesdelhi @ PMOIndia Bses cheating using COVID to not take reading and sending Random bill. Attached bill is of my house where no one is staying for last 2 months bill should be 0 but it is 2710 y should I pay pic.twitter.com/4SPr5v09vG,-1
2020-04-30 01:36,gordon_daniel_p,"Practical tips for self-care all the time but during COVID-19 more than ever: establish routines, focus on your roles and goals, do/say three kind things each day, check-in with your vital friends at work. @ drdavidgleason @ nehelelove @ DevlinJeannine @ DouglasScotchb1 @ Nathu1961",1
2020-04-30 01:35,Arshyan75,"She on you Mr MLA , Where is JP Nadda , who say don't do any wrong think during pandemic disease Covid-19 , But Bjp always do hindu-muslim in any situation. pic.twitter.com/XPEwcrxPPI",-1
2020-04-30 01:35,ipenkey,Pelajaran hidup bang . Ente cpt nikaaah telanjur covid ni wkwk,0
2020-04-30 01:34,AkashKm01,And then there are these incidents also... # Lockdown2 # Covid_19india # love # shaadihttps://twitter.com/ANINewsUP/status/1255564828539830272 …,1
2020-04-30 01:33,CPhysal,Mi dhandivalhuga mikahala vaahaka midhahka seedha fithuna ufahdhan. Covid-19 handle kurumuga sarukaaru fail vefa otheema rayyithun ehen dhimaalakah anburaalan varah molhu gotheh mee https://twitter.com/sunbrk/status/1255563725169463298 …,-1
2020-04-30 01:28,fazyahmed,BREAKING: Covid jehigen raajje in furathama meehaa maruvejje https://mihaaru.com/news/73320,0
2020-04-30 01:27,IbrahimIzhaan,DHARIFULHAA kehtherivee IRADHAKUREHVIYAA BAPA COVID BALIN SALAMATHUN HURIYAA KAAN LIBEYNE. Ehves Sarukaarakah ITHUBAAREH NEH. ALLAH ah ekani ITHUBAARU OTHEE. THERE IS NO ONE ONLY ALLAH Can’t trust any GOVERNMENT. @ ibusolih @ presidencymv @ ppl_powers @ MoGFSSmv @ CNNPoliticspic.twitter.com/tnV94L4zEE,0
2020-04-30 01:26,Rahulpaswan_inc,Tune in tomorrow at 9am to @ incindia to watch @ RahulGandhi interacting with Former RBI Governor Dr. Raghuram Rajan on the critical issues related to COVID-19 and its economic impact. Here’s a snippet. @ kcvenugopalmp @ MukulWasnik @ INCBihar @ DrMadanMohanJhahttps://twitter.com/INCBiharSCDept/status/1255586408527351809 …,1
2020-04-30 01:24,Faru_Fuvahmulah,BREAKING: Raajjeygai furathama faharah Covid ah positive meehaku maruvejje https://oneonline.mv/26486,1
2020-04-30 01:24,shrutbrahmbhatt,Now that Kalol has positive cases of corona kindly proceed with mass-checkup. Don’t wait like Ahmedabad. Pls initiate now to avoid large spread of COVID. @ JayantiRavi @ VtvGujarati @ GujHFWDept @ vijayrupanibjp @ tv9gujarati,1
2020-04-30 01:19,SamujjalMitra,"End of April(30)- 2020 More than 30,000 people infected in India...1000 people dead in covid-19 And Total more than 30 lack people got infected by corona virus...",1
2020-04-30 01:17,amritanshuu_,"Coronavirus, worldwide. Cases: 3,190,000 Deaths: 226,000 Recoveries: 988,000 # COVIDー19 # coronavirus # COVID pic.twitter.com/wa899oaB0r",0
2020-04-30 01:17,ChennaiHotelAs1,"Dr. A.K.VISWANATHAN, IPS., COMMISSIONER OF POLICE, CHENNAI @ chennaipolice_ GIVEN IMPORTANT ANNOUNCEMENT TO PUBLIC ABOUT COVID-19 LOCKDOWN YOUTUBE LINK: https://www.youtube.com/watch?v=gvF4Mb686TQ&t=25s … # ChennaiPolice # GreaterChennaiPolice # Covid19policeawareness # ChennaiPoliceCommissioner @ chennaicorp",1
2020-04-30 01:15,Pehlikhabar,"WHO has assessed Global Situation under Corona virus COVID-19 as HIGH RISK. In India, in view of circumstances, Lockdown is the best solution in present situation. Hope, we the citizens of world, will fight together against # coronavirus.pic.twitter.com/BerCAXJnCR",1
2020-04-30 01:15,askbhaskar,@ munishmody sir and @ iaspankajpandey ji can we get a comprehensive list of all the apps developed by Govt of Karnataka for COVID and it’s feature list pls https://twitter.com/iaspankajpandey/status/1255112521020661763 …,1
2020-04-30 01:12,CPhysal,Sarukaarun 3 mas dhuvahuge thereyga covid-19 ah furihamayah thayyaaru vefa otheema fenna natheeja aki meeba? https://twitter.com/ahmedmahir90/status/1255444360864436225 …,0
2020-04-30 01:12,TheTorque,My Special Thanks To Our AP HONORABLE CHIEF MINISTERS @ ysjagan Sir and @ APPOLICE100 For The Hardwork To Save People From # COVID__19 EXPRESSING OUR GRATITUDE TOWARDS EVERYONE WHO WERE ALL WORKING EVEN IN THIS PANDEMIC PERIOD TO SAVE THE PEOPLE LIVES # StayHome # StaySafepic.twitter.com/ZjtJIwcTfo,1
2020-04-30 01:11,indigocrystl,sg rly hit the 10k mark with covid omg stay safe guys :(,-1
2020-04-30 01:10,faizanpatel,We had a first COVID-19 related death in our family circle. This thing is just going to get worse if the lockdown is lifted even for few hours.,-1
2020-04-30 01:10,batallah08,Our article in EHJ Quality Of Care and Clinical Outcomes: Marker of Systemic Inflammation or Direct Cardiac Injury: Should Cardiac Troponin Levels be Monitored in COVID-19 Patients? https://academic.oup.com/ehjqcco/advance-article/doi/10.1093/ehjqcco/qcaa033/5826998#.XqnXO7wIvPU.twitter …,0
2020-04-30 01:09,Asaad_Hk,Double COVID-19 test. CONFIRMED NEGATIVE.,1
2020-04-30 01:07,ITADubai,#Dubai Aims to Open Up for # Tourists at the Beginning of July https://www.bloomberg.com/news/articles/2020-04-28/dubai-likely-to-start-opening-for-tourists-at-beginning-of-july … # covid # UAE,0
2020-04-30 01:07,nandanlv,No one has ever become poor by giving # supporting # COVID19 # foodserving # Covid_19 # bangalore # Bangaloreserving # proudindian # supportingotherspic.twitter.com/p0oKNdavoD,-1
2020-04-30 01:04,ThinkIndiaDelhi,"[COVID-19 and Migrant Workers in India] Shri @ varadrajb ji will address the webinar on the subject of ""Impacts of Covid-19 on Migration of Workers & Economy""! Do join us for the webinar. Registration Link- https://tinyurl.com/hrdicovidwebinar … # migrants # MigrantLabourers # MigrantWorkerspic.twitter.com/u3QBaTRbFk",-1
2020-04-30 01:04,gordon_daniel_p,Children and students will respond emotionally to the uncertainties of COVID-19 the way the adults surrounding them respond. @ drdavidgleason @ DevlinJeannine @ Nathu1961 @ DouglasScotchb1,0
2020-04-30 01:03,Wwomens_vine,"A BIG SALUTE GO OUR DOCTOR , POLICE , AND OTHER HELPERS STAY HOME STAY SAFE # coronavirus # covid_19 # dangerous # situation # stayhome # staysafe # stayhealthy # gocorona # carona # mumbai # maharashtra # tiktok… https://www.instagram.com/p/B_k6A0NJ693/?igshid=1lkmfkr38wdmo …",-1
2020-04-30 01:01,ThinkIndiaDelhi,"[COVID-19 and Migrant Workers in India] Shri @ sajinck ji will address the webinar on the subject of ""Covid-19 and Migrant Workers in India ""! Do join us for the webinar. Registration Link- https://tinyurl.com/hrdicovidwebinar … # migrants # MigrantLabourers # MigrantWorkerspic.twitter.com/yGwoyADgyP",-1
2020-04-30 01:01,Suvchintak,"Learnt RaGa wl circul8 videos w/ intellectuals arnd the world abt Indian Economy Revival,1st being w/ Raghuram Rajan. BJP shd nt allw hm gain popularity,come what may. Govt hs dealt Covid Crisis w/ an iron hand & evn critics r acknwldgn.Lts not spoil the flow @ JPNadda @ BJP4Indiahttps://twitter.com/RahulGandhi/status/1255509515690217472 …",0
2020-04-30 01:00,WLaowai8,Here my pre-recorded live-stream from the other day if you guys missed it. # teamfollowback # covid19 # covid # staysafe # covid19vaccine # coronavirushttps://twitter.com/WLaowai8/status/1255086460534788096 …,-1
2020-04-30 01:00,Truly_Ali_,"Sir, Filled the form. If any person do COVID 19 Test here and Alhamdulillah -ve in that case anything regarding it need to carry and re test in India inshaallah when reach will be compulsory? As our home in Mumbai itself can Self Q. ? @ CGIJeddah @ IndianEmbRiyadh # ComingHomeSoonhttps://twitter.com/IndianEmbRiyadh/status/1255562817316454401 …",1
2020-04-30 00:59,sinyaktafar,Alhamdulillah semoga bisa mjd ramuan yg bisa menyembuhkan COVID-19 bagi masya Indonesia https://news.detik.com/berita/d-4993418/dr-suradi-ngaku-punya-ramuan-anti-corona-siap-diproduksi-massal …,0
2020-04-30 00:57,RashiddShaikhh,@ IndiaToday what is this? # coronavirus # COVID # IndiaFightsCoronapic.twitter.com/wb7m4tGeFY,0
2020-04-30 00:55,umeshvaghani2,"4076 new cases and 4419 new deaths in the United Kingdom ""Public Health England (PHE) has developed a new method of reporting daily COVID-19 deaths, to give a more complete number of those who have died from",1
2020-04-30 00:55,ThinkIndiaDelhi,"COVID-19 and Migrant Workers in India, Shri @ ProfBabuMathew ji will address the webinar on the subject of ""Addressing the appalling apathy towards migrant workers"" ! Do Join us for the webinar. Registration Link- https://tinyurl.com/hrdicovidwebinar … # MigrantLabourers # MigrantWorkerspic.twitter.com/H7jFCZhbj2",-1
2020-04-30 00:53,UsmanAWahla,Why does the state have to impose withholding tax on cash-less transactions against utility bills in the middle of the covid-19 crisis? Fail to understand the absurdity. Maana bhai kay nonfiler hun but itna zulm. pic.twitter.com/0oz9hJiCtW,-1
2020-04-30 00:52,Khan_MohdFarhan,"I have started a campaign to help the people who have lost jobs due to Covid. To make this successful, I am looking to connect with HR/Consultants who can help place these job seekers. Please share the word in your network. https://www.linkedin.com/posts/farhankhanfis_covid19-activity-6660946522215186432-QGVW … Regards, Farhan",1
2020-04-30 00:52,GadhdhooRasheed,@ mabrouq Shakku vaameehaa ah bali jehunukan engi test libey iru meehaa maruvegen valhulaa nimuneema Sarukaaru thayyaaru vefa oiy minvaru varah rangalhah ebaengey. Covid-19: Test kuran sample negi umurun dhuvas vee meehaku maru vejje! https://suruhee.mv/618,0
2020-04-30 00:50,TerkiniJambi,"let us together prevent the spread of covid-19, together we can # LawanCorona # COVID19 # coronavirus # dirumahaja # dirumahsajapic.twitter.com/QBCqpqd4Vf",0
2020-04-30 00:49,mocisom,"Health & Safety of employees comes always first! @ UNIDOSomalia in association with Ministry of Commerce and Industry FGS delivered 300 Masks to @ mocisom staff, part of Covid-19 prevention & awareness efforts. Thanks @ Aics_Mogadisciopic.twitter.com/OQnmaTcOnC",1
2020-04-30 00:48,thepallabgogoi,"@ himantabiswa sir, I'm not sure but I think that the low rate of COVID-19 cases in Assam can be linked to the use of bronze plates (kaah), which contains 88% copper and copper has many antimicrobial properties.During cholera outbreak in Paris in 1800's the workers of. . (1/2)",1
2020-04-30 00:47,nurhakim_fitri,We will see a contraction in certain industries after Covid-19..... Tourism especially....a few now is closing,1
2020-04-30 00:46,vishalsehijpal,When the time says you must sleep but the eyes have no plans as yet # covid_19 # quarantinelife # lockdown2020 # life # LawyerLife # Litigation # CriminalLawyer # DelhiHighCourt # Gurugram… https://www.instagram.com/p/B_k4Aadne0gru4oSM4jismm5MrVFllei9hNVJs0/?igshid=1or1m5c0q0ope …,0
2020-04-30 00:43,AbhayAmani3637,@ dmdeoria Dear Both Honourable Sir please share For All of us Ur Lockdown experience As a DM how tuff Or Challenging For You To Deal With this Covid-19 prblm. You & Your team is doing great job for all of us to feel Safe & Secured. thank you so much # realwarrior # Salute,1
2020-04-30 00:41,kcvillanada,modeling in the time of covid pic.twitter.com/hsLmMw4334,0
2020-04-30 00:40,011524e7729d4eb,Covid out break prevented a nearing holocaust in India.the collusion b/n 2 pillers Govt and judiciary were preparing all ground works. https://twitter.com/LadyVelvet_HFQ/status/1255484193091588096 …,0
2020-04-30 00:39,iankitvora,"# IndiaFightsCorona Indian Railways has taken 360-degree measures to ensure the interests of the passengers are taken care of. Railway Emergency Cell for COVID is responding to about 13,000 queries, requests, and suggestions every day. via NaMo App",0
2020-04-30 00:37,JPradhan_bjp,Covid 19 reached Jharsuguda. pic.twitter.com/c0TglEiyiX,0
2020-04-30 00:36,taakulosom,"Women are most affected during the # COVID-19 outbreak, it badly damaging their businesses. @ taakulosom decides to support women by Partner with a female-owned business to make 2000 facemasks. Thanks to @ PlanGlobal for funding the project in six # Idps # womenempowermentpic.twitter.com/xHlFe4g24d",1
2020-04-30 00:36,Dr_Rajesh369,"@ sardesairajdeep May be they have a super effective plan to fight # Covid-19, as they did in Madhya Pradesh # मामा_का_चूरन , and now they want to use it in # COVIDー19 in # Mahabharata .pic.twitter.com/2NaEZNQIY6",1
2020-04-30 00:35,IbrahimIzhaan,All JAREEMAA AR JAZEERA MALDIVES AT AGENDA 19 Along with COVID-19,0
2020-04-30 00:33,BharatpalR,"A musical tribute, for each and every person fearlessly battling COVID-19. https://twitter.com/ITBP_official/status/1255401435694596096 …",0
2020-04-30 00:33,thetruthtalkst1,The Ministry of Home Affairs (MHA) has permitted the inter-state movement of stranded persons such as migrant workers in India amid the COVID-19 crisis. # thetruthtalksteamt4 # India # lockdown # curfew # corona # coronavirus # Migrant # Studentspic.twitter.com/0tlliH2qlm,0
2020-04-30 00:33,sidhant,"""I am very proud of Indian foreign service @ indiandiplomats"" Says India's envoy to Spain @ IndiainSpain Sanjay Verma on reaching out to stranded Indians due to # COVID. Adding,""I am very proud that the embassy & its young officers have worked tirelessly."" https://twitter.com/sidhant/status/1255571492013846534 …",1
2020-04-30 00:32,CAKapilMalhotra,"The CBDT has vide Circular No.10 /2020 dated 24th April,2020 stated that in view of the prevailing situation due to COVID-19 pandemic across the country, reporting under clause 30C & clause 44 of the Tax Audit Report shall be kept in abeyance till 31st March,2021 # COVID19relief",-1
2020-04-30 00:31,MinazKh93664893,This lady is working in an ICU dept where covid patients are treated. She came home after 20 days of non-stop service. Her family n society people welcomed her. Heart touching.... Beautiful.. welcome home! Hope you and your family are safe! pic.twitter.com/uDHDbTvC2M,1
2020-04-30 00:31,JBUK12000,Yesterday joint sec Mr Agarwal briefed that usin plasma is not a treatment for covid and it is illegal as well but did not tell about anything your are enquiring about.,-1
2020-04-30 00:31,connectjpp,Jean Dreze : Keeping migrant workers from returning home will deepen COVID-19 financial crisis https://www.newindianexpress.com/nation/2020/apr/28/the-jean-dreze-interview-keeping-migrant-workers-from-returning-home-will-deepen-covid-19-financial--2136066.html …,0
2020-04-30 00:30,KhalifaSroor,#2020 # COVID__19 # StayHomeSaveLives # كورونا # خلك_في_البيتpic.twitter.com/TAWW93AmhC,0
2020-04-30 00:29,muralichandrika,Great initiative by @ fortis_hospital to fight covid-19. Perfect use of technology for healthcare. pic.twitter.com/Z5EcViL4Wc,1
2020-04-30 00:29,Saheer96184164,# BreakTheChain # StayHome # Ajman # Covid_19 # Malayalampic.twitter.com/cbaUymGadF,0
2020-04-30 00:28,gautamdr1993,@ myogiadityanath @ UPGovt great effort taken by @ dmvaranasi2016 to prevent spread of covid-19 in varanasi by complete lock down till 3 may Thank you @ dmvaranasi2016,1
2020-04-30 00:28,dkayjha,@ deepigoyal # Zomato ..We requested @ zomato to onboard for grocery items..its more than 3weeks but still processng...sometime it wrk like govt cmpny... # Covid_19india. Kindly make process more tranpatent,1
2020-04-30 00:25,daily_breads,"Help us, God our Savior, for the glory of your name; deliver us and forgive our sins for your name's sake. Psalms 79:9 # bible # bibleverse # hopeinchrist # repentjesusiscoming # gospel # COVID19 # Covid_19 # coronaviruspic.twitter.com/Ek6JvJryad",0
2020-04-30 00:25,sidhant,"Young diplomats have outdone themselves in reaching out to stranded Indians says Indian envoy to Spain Sanjay Verma. He said,""Well, you know, in times of crisis, Indian diplomacy puts its best foot forward and same is the case now"" # COVID https://www.wionews.com/india-news/young-diplomats-have-outdone-themselves-in-reaching-out-to-stranded-indians-indian-envoy-to-spain-295672 … @ IndiainSpain",1
2020-04-30 00:25,mamrajab,"السفير البرازيلي لدى الكويت نورتون رابيستا يقول الكويت تقوم بعمل ممتاز في مكافحة ""ڤيروس كورونا المستجد COVID 19 “ من خلال الإجراءات الفعالة والمميزة وابلغ دليل على ذلك إشادة منظمة الصحة العالمية بتلك الجهود . خوش شهادة لمجهود دولة الكويت",0
2020-04-30 00:24,ISHANNG,"@ AITCofficial, @ WBPolice @ aajtak @ Zee24Ghanta Covid-19: Bengal’s very own Santa Claus secretly providing food packets to poor - kolkata - Hindustan Times https://www.hindustantimes.com/kolkata/covid-19-bengal-s-very-own-santa-claus-secretly-providing-food-packets-to-poor/story-pjJg0soKVTtpmTYI13OjNL.html …",-1
2020-04-30 00:23,HUNARGUPTABJP1,"Amid the worrisome # COVID news, a heartening positive breakthrough for # JammuAndKashmir. Number of PG (MD/MS) seats in Government Medical Colleges of Jammu, Srinagar and SKIMS increased by 67. Thus total number of PG seats increased to 560 from 493 last year. @ DrJitendraSingh",1
2020-04-30 00:23,SyazAnwarll,Believe me Malaysia gonna have the number of covid-19 cases increase next few weeks upon this new regulations,-1
2020-04-30 00:20,AZIZ__AMIRUL,# CoronaUpdate # CoronaWillEndSoon # coronavirus # Coronavirustruth # COVID19Pandemic # Covid_19 # UK # COVIDー19 # Covid19UK # COVID__19 # usaCoronavirus # USA # ukcoronavirus # Fauci # FauciHero # vaccine # VaccinesWork # vaccines4Results # VaccinesWorkForAll # vaccines # VaccinesAreNotTheAnswerpic.twitter.com/rOZnbHMaUd,0
2020-04-30 00:20,e6NO3bto5JWPCnc,ประกันสังคม ออกมาตรการช่วยเหลือนายจ้าง ลูกจ้าง รับผลกระทบ COVID-19 พร้อมเพิ่มสิทธิประโยชน์กรณีว่างงาน https://techsauce.co/news/gov-sso-help-employee-covid-19 …,0
2020-04-30 00:19,sidhant,17 Indians dead in Saudi Arabia due to # COVID. 5 from Maharashtra 4 from Kerala 3 from UP 3 from Bihar 2 from Telangana pic.twitter.com/12wnsrZqvM,-1
2020-04-30 00:19,sandeep_bamzai,"20 year war in Vietnam saw a death toll of 58,000 for America, Covid has wreaked havoc and crossed that number in months",0
2020-04-30 00:18,A_A_Musa,""" The US$3.4 billion approved by our Board is the largest IMF COVID-19 emergency financing provided to-date."" @ MuhammadTajo We hope it will not be the largest IMF COVID-19 emergency financing provided to-date.' That will woefully vandalized. https://twitter.com/KGeorgieva/status/1255218100653436928 …",0
2020-04-30 00:15,abdisamad_hersi,Covid 19 pic.twitter.com/cvTjK0DqDX,0
2020-04-30 00:15,YhPtl5,West Champaran Bihar me covid-19 ke 5 log ko passive paya gya pic.twitter.com/LakdEixFgc,0
2020-04-30 00:15,qilaridzwan,Agaknya warehouse Dubai Technopark pun mcm ni kot dgn shipment2 kitaorg dah la shortage of staff due to Covid-19. Hmmm https://twitter.com/kaymanbeaustore/status/1255432216148152321 …,-1
2020-04-30 00:13,Lokeshsinha01,"कल सुबह 9 बजे माननीय श्री राहुल गांधी जी, RBI के पूर्व गवर्नर डॉ रघुराम राजन जी के साथ COVID-19 से जुड़े महत्वपूर्ण मुद्दों और इसके आर्थिक प्रभाव पर बातचीत करेंगे। कल सुबह 9 बजे कांग्रेस पार्टी के सभी सोशल मीडिया प्लेटफॉर्म पर इस बातचीत का प्रसारण देखें।",0
2020-04-30 00:13,Esteri_patience,"Reve 3:19Those whom I love I rebuke and discipline. So be earnest, and repent For the kingdom of God is at hand,if the Criples can get up and walk in the midst of this pandemic of covid-19 , this must be a blessed generation ever so let us embrace the Cross # TheEntryOfChurch",1
2020-04-30 00:12,Gobinda2713,"পশু চিকিৎসক হিসেবে একটা কথা বলছি , গৃহপালিত পশু (Pet) যাদের ঘরে আছে তাদেরকে একটু আলাদা সতর্কতা অবলম্বন করতে হবে,গৃহপালিত প্রাণীরা যাতে COVID_19 আক্রান্ত রোগীর সংস্পর্শে না আসে তা লক্ষ্য রাখতে হবে । বিভিন্ন দেশে কিছু কিছু প্রাণী COVID-19 পজিটিভ ধরা পড়েছে । তাদেরদিকে লক্ষ্য রাখুন",0
2020-04-30 00:12,adassharma,Apart from video meeting systems what are the other emerging technologies that will lead in the post covid world?,-1
2020-04-30 00:12,bhadresh61,CLARIFICATION FOR COVID GUIDE NOT CERTAIN OR IN LINE...LAW WILL SAY SOMETHING _ GOVERNMENT WILL SAY SOMETHING....THE PROFESSIONALS WHO ARE THE MASTERS OF SUBJECT HAVE NO SAY WHILE TREATING THE PATIENT...PATHETIC..,-1
2020-04-30 00:12,ayandech,"Wear a Mask and be Safe # Aurangabad! As our @ PMOIndia Shri @ narendramodi ji appealed to use a Mask in our daily lives to stop spreading COVID-19, I am sharing a photo of mine wearing a mask. You too wear a Mask & upload the photo on social media using @ SushilSinghMPpic.twitter.com/kpTSeoUePi",1
2020-04-30 00:12,JohnGao34100873,China's fourth COVID-19 vaccine went into clinical trials in Henan Province on Tuesday. https://youtu.be/oJcglAmIfA4 – bei Timeplace Tower,0
2020-04-30 00:11,AstrupILO,"Yes, I think the article is exaggerating the situation in Uzbekistan a bit. The government doesn’t deserve to be blacklisted as one of “15 worst in the world”. Overall, COVID-19 response seems fairly robust and reasonable to me but of course at local level there will be mistakes.",-1
2020-04-30 00:09,mintupandit84,महोदय ये अत्यंत धुखद है यही सारी घटनाएं है जी सोचने को मजबूर करती है कि हिन्दुओं के साथ अलग दृषटिकोण और मुस्लिम जी की covid-१९ की मुख्य भूमिका है को फैला रहे है उन्हें पुलिस भी नहीं रोक पा रही है कृपया तुरंत SO KO BHARKAST KARE anytha ye hum logo ke liye bhed bhaw hai,0
2020-04-30 00:09,YhPtl5,Aaj bihar ke West Champaran me covid- 19 me 5 log possive paye gye jisse pure West Champaran Bihar me sanata chha gya pic.twitter.com/Jb75q1dQmG,1
2020-04-30 00:08,RaghvendrA2Y,"लाल रंग क्रांति का परिचायक है,लाल रंग समाजवादियों की पहचान है... मदद करना समाजवादियों का काम है, सेवा करना धर्म है.....। # समाजवादी_किचन # Covid_19pic.twitter.com/qdoMlsed98",0
2020-04-30 00:05,imrantakkar,Dr Mamoona Rana: UK’s first female Pakistani doctor who died fighting COVID-19 saving others. https://www.thenews.com.pk/latest/651599-dr-maoona-rana-uks-first-female-pakistani-doctor-who-died-fighting-covid-19-saving-others …,1
2020-04-30 00:05,KhuhroNida,Senior # PPP President SIndh Nisar Ahmed Khuhro demands an apology from Gov Sindh @ ImranIsmailPTI for using derogatory and racist remarks against the people of # Sindh exclaiming that he tested +ve with#covid 19 because of his contact with the “uneducated people of rural SIndh” pic.twitter.com/B6qiC0PX8J,0
2020-04-30 00:04,rangajeewa98,"An appreciation post for our first responders in Sri-Lanka and all over the world, who are always at the forefront to ensure the safety and well-being of our sick patients infected with the deadly COVID-19, no matter the risk to themselves. # FirstResponders # Coronaviruspic.twitter.com/Ktl530fj3Z",-1
2020-04-30 00:02,BBGOnline,"British firms in the UAE report cash flow, revenue concerns amid Covid-19 https://www.arabianbusiness.com/politics-economics/445874-british-firms-in-the-uae-report-cash-flow-revenue-concerns-amid-covid-19 …",0
2020-04-30 00:02,Palm_RescueClub,ราชกิจจาฯ ประกาศ นายกฯ งัด พ.ร.ก.ฉุกเฉิน สั่งห้าม ผู้ว่าฯ ทุกจังหวัด ผ่อนคลายล็อกดาวน์ # พรกฉุกเฉิน # โควิด19 # COVID19 # Covid_19pic.twitter.com/bFhVSjxl6e,0
2020-04-30 00:02,elmubaracq_gmm,FUCK covid 19 FUCK 2019 FUCK number 19 if you are 19 yrs old FUCK YOU TOO – bei New Delhi | नई दिल्ली,-1
2020-04-29 23:58,amn_1426,UNMASKING THE LIES AROUND COVID-19: FACTS VS FICTION OF THE CORONAVIRUS PANDEMIC - London Real https://londonreal.tv/unmasking-the-lies-around-covid-19-facts-vs-fiction-of-the-coronavirus-pandemic/?utm_source=drip&utm_medium=email&utm_campaign=2020-04-29+Dr.+Andrew+Kaufman+LIVE&utm_content=Going+LIVE%3A+Dr.+Andrew+Kaufman+-%C2%A0Unmasking+The+Lies+Around+COVID-19 …,1
2020-04-29 23:58,mekhiya,necessity is the mother of invention. What an idea. Remotely monitor health of covid patients. https://twitter.com/mashable/status/1255531539238211586 …,-1
2020-04-29 23:56,shikkatiyar28,Salute to all the warriors.. People putting so much efforts to protect us from Covid 19... https://twitter.com/ITBP_official/status/1255401435694596096 …,1
2020-04-29 23:56,zahidirfan,Of course he has no share in any of kickbacks reported by the @ Raymond_Baker book ... Have you heard of something called Covid 19? Heard it's rampant in your country even your PM was in ICU? https://twitter.com/MIshaqDar50/status/1255164475226886144 …,0
2020-04-29 23:53,deathlessdreamr,31/12/2019 when life was normal man before this COVID-19 shit https://twitter.com/saddangells/status/1255272182831288320 …,-1
2020-04-29 23:52,h_r_hr,فاوتشي. الإسم الذي سيتردد كثيرا من الآن فصاعدا بسبب جائحة COVID 19 كوفيد ١٩ وسيذكره التاريخ إما مجرم أو بطل. https://twitter.com/cnnarabic/status/1255562529692147723 …,0
2020-04-29 23:52,Mujjivlog,"Bounded in the circle! # quarantine # quarantinelife # lockdown # lockdown2020 # coronavirus # corona # covid19 # covid # karachi # pakistan @Karachi, Pakistan https://www.instagram.com/p/B_kx4qPH10k/?igshid=1p872e2ymkcf8 …",0
2020-04-29 23:52,raprasadh,# COVID19 positive patients reported increasing total to 649 - Health Ministry கொவிட்−19 தொற்றாளர்களின் எண்ணிக்கை 649ஆக அதிகரிப்பு − சுகாதார அமைச்சு # Corona # COVIDー19 # COVID # COVID19 # SriLankapic.twitter.com/BwKYtYISpc,1
2020-04-29 23:51,swadesh171,"Every 7th doctor in US is Indian and they're working as soldiers, fighting COVID-19: AAPI president https://m.economictimes.com/news/international/world-news/every-7th-doctor-in-us-is-indian-and-theyre-working-as-soldiers-fighting-covid-19-aapi-president/articleshow/75406158.cms …",0
2020-04-29 23:48,IJeffreyfirdaus,"OK lah sementara covid ni I'll help u sister ikhlas ni sbb kakak kan . Sebelum ni runner dia hantar ke Setia Alam delivery caj 30 customer order berbelas belas je pun, sanggup tu, imagine boleh hantar ke KLIA apa guna ada Surat boleh pusing 1 KL SL kalau x guna",1
2020-04-29 23:48,mkiacma78,Meanwhile you @ IDiscrimination can day dream regarding capturing of GB and thus stopping CPEC amidst COVID 19 and Pakistan economic conditions.,1
2020-04-29 23:46,lanternedusport,"The Problem The children from the underprivileged communities, just like the numerous other children across the world are not attending schools because COVID-19 cases have been rising worldwide. School closures… https://www.instagram.com/p/B_kxI9ZlROa/?igshid=1rio8md179drd …",-1
2020-04-29 23:45,A_Wadaadyare,"In order to protect COVID-19 we should practice all these things regularly. First Do not Touch for # MEN, and Follow for all # WOMEN. # NewInitaites for Covid-19 # Awarenesspic.twitter.com/LqPFe9rON4",1
2020-04-29 23:44,abhishek29mishr,"Nahi chahiye ye CM... No action only video message on TV... Bombay and Pune two biggest cities on Maharashtra are crying and not able to fight COVID-19, who is responsible for this situation??",-1
2020-04-29 23:42,IhabFathiSulima,"عقار التهاب المفاصل يظهر وعدًا ""هامًا"" في حالات # COVID19-19 الشديدة: دراسة أظهرت دراسة إكلينيكية فرنسية أن عقار توسيليزوماب لعلاج التهاب المفاصل أظهر وعدًا مبكرًا في منع الالتهاب الشديد في مرضى COVID-19 المصابين بأمراض خطيرة. pic.twitter.com/ma7fEedSH9",0
2020-04-29 23:42,Jayremiahh,"2) Paranoia, obviously everybody is on aware of the Covid-19 virus. No matter how much of a precaution we take to avoid the virus we still get paranoid of it the second we step out for work. We try our best to stay hygienic and healthy so we can serve better.",1
2020-04-29 23:41,shadeisme,Happiest Birthday to my bf @ SatLittleThai Drew him as Pillsbury as a covid circuit breaker gift pic.twitter.com/4Kmc4jVFHA,0
2020-04-29 23:41,MacArch27,"Why not all the needy families are getting treated equally during this Covid-19 crisis. Here in sector 56 of Chandigarh, only some of the registered beneficiaries are getting the benefits of PM Garib Kalyan Ann Yojana (PMGKAY). – bei Sector 56",0
2020-04-29 23:39,BiharHealthDept,COVID -19 and LOCKDOWN UPDATE: KHAGARIA Date : 29th Apr 2020 214/228 Results received All Negative 14 Sample results awaited # BiharHealthDept # BiharFightsCorona @ sanjayjavinpic.twitter.com/TjTVedd6vN,-1
2020-04-29 23:38,sidhant,"Working with India among others on # COVID crisis says US Secretary of state Mike Pompeo; Highlights India lifting ""export bans on critical medical supplies"" pic.twitter.com/v3wPDzTnSo",0
2020-04-29 23:37,jennifershehane,"Some newborns of Covid positive mothers have also been positive, but not enough evidence yet to determine if contracted intrauterine or through contact with the mother.",1
2020-04-29 23:37,sharvaanishah,Would love to hear your comments. Especially about the # coronavirusinindia related shows # COVID19 # Covid_19indiahttps://twitter.com/sharvaanishah/status/1255468080249081856 …,1
2020-04-29 23:36,irfanquraishi85,Today's District wise # Covid_19 JKUpdate https://twitter.com/irfanquraishi85/status/1255471873233690624 …pic.twitter.com/lbdEfoRFMv,1
2020-04-29 23:35,RAHULKA71717054,Joining the Traning COVID-19. By World Health Organization.I have done Successfully complete the Traning COVID -19.World Health Organization. # WorldHealthOrganizationpic.twitter.com/rvlvdRFi24,1
2020-04-29 23:35,LakshmiVijaykum,Finally added # covid to the # MSWord # dictionary. Was it required?,0
2020-04-29 23:34,Faru_Fuvahmulah,BREAKING: Ithuru inzaareh: Random sample ehves Covid ah positive vejje https://oneonline.mv/26463,-1
2020-04-29 23:34,HumankindWelfa1,निरंतर 39 दिनों से # कानपुर के विभिन्न क्षेत्रों में जरूरतमंद शहरवासियों तक आवश्यक सामग्री एवं भोजन पहुँचाया जा रहा है।आज जरूरतमंदों के लिए स्वादिष्ट # चना_राइस की व्यवस्था की गई। # foodforall # helpneedy # Covid_19 # CovidWarriors # StayHomeStaySafe # StayHomeIndia # HKWpic.twitter.com/cO4d3QZqop,0
2020-04-29 23:34,SwaroopAdvankar,"There’s an old saying, this too shall pass, and change is good.. # StayAtHomeAndStaySafe # coronavirusinindia # Covid_19india # StayHome # IndiaFightsCOVID19pic.twitter.com/syAW1U5iWg",1
2020-04-29 23:33,PramodG96346806,"गृह मंत्रालय ने आज फंसे प्रवासी मजदूरों,छात्रों आदि को आवाजाही की अनुमति दी है अलग राज्यों में फँसे लोगों के आने जाने पर # Guideline जारी किया है # Covid से बचाव के लिए अति आवश्यक है जैसे सोशल डिस्टेंसिंग,मास्क लगाना,सेनिटाईज आदि।नोडल अफसर तैनात करना..काश यही काम पहले हो गया होता pic.twitter.com/482UuOutW7",0
2020-04-29 23:32,mrkianzky,Two hours of outside exercise everyday is better than nothing at all... MAKE THE MOST OUT OF YOUR SITUATION... @ silverbackbikes silverback_me # Quaranthoughts # silverbacksola2 # silverbackbikes # covid_19 @Marsa Mina https://www.instagram.com/p/B_kdZIeF0Lc/?igshid=1aco793of25au …,1
2020-04-29 23:30,jeewanmehra07,Follow these simple steps and donate money to the PM-CARES fund directly from UMANG app. Be a # CoronaWarrior and donate to help people with any kind of emergency or distress situation posed by the COVID-19 pandemic. # IndiaFightsCoronapic.twitter.com/e0G9r5xQgU,1
2020-04-29 23:28,ParvejAlamsre,"अल्लाह पूरी दुनिया की हिफाज़त फ़रमा। अमीन ""UK records an additional 3,811 deaths linked to COVID-19 as figure expands to include care home and wider community deaths"" https://twitter.com/i/events/1255540117248212993 …",0
2020-04-29 23:27,RahulPandeyUCI,@ assampolice at your service. Thank you @ SonitpurPolice for being with us throughout this Covid-relief. @ gpsinghassam @ DCSonitpur @ FoundationUcihttps://twitter.com/FoundationUci/status/1255539851782324224 …,0
2020-04-29 23:24,NorOsman7,"A soldier without a weapon cannot face the enemy in the front, same as the doctors with out equipped hospital and PPE, cannot face against # COVID-19.",0
2020-04-29 23:22,RAHULGUPTA0908,"# India has crossed the mark of 32,936 # Covid_19 cases, 23,436 cases are still active and 8423 patients has been recovered from # coronavirus and death toll rises to 1077, the total number of tests are 7,70,764. # HappyBirthdayRohit # LockdownExtended # RIPIrrfanKhan # Legendpic.twitter.com/ZhwKbkpN8V",-1
2020-04-29 23:22,sanjaytirdiya,# COVID # COVIDー19 # COVID19Pandemic # coronavirus # vaccine # VaccinesWork # VaccineAgenda # Social_Distancing # lockdown # CoronaWarriors # work # WorkFromHome # workingfromhome Texas is waking up ... !! https://www.instagram.com/tv/B_kOv0Rp811/?utm_source=ig_web_copy_link …pic.twitter.com/9iYT0D1ccW,0
2020-04-29 23:22,sketan68,@ VodafoneIN @ PMOIndia In such COVID 19 situation.. why services were stopped.. Vodafone is charging .. for the services .. we have not used.. From last three months.. we are complaining.. but of no use.. We request CEO of vodafone to intervene and solve our issue,0
2020-04-29 23:22,PijushS18858040,Covid 19 cases tolled down slow in a space.,-1
2020-04-29 23:21,PathakSubhesh,"I have my flight PNR No. E7JFMZ is on 30th April, which have been cancelled due to Covid-19. I need my full refund in my account as per # DGCA. Not as credit shell. Please help. my email id- subheshpathak@gmail.com @ goairlinesindia @ DGCAIndia",1
2020-04-29 23:20,occupiedbypak,While our doctors are sacrificing their lives fighting virus. Here is the fake bully who still call Covid-19 as fake. https://twitter.com/ZaidZamanHamid/status/1255543538844139520 …,-1
2020-04-29 23:20,VikramS30840590,# बड़े दौर गुज़रे हे # जिंदगी के यह दौर भी गुजर जाएगा थाम लो अपने # पांव को घरो में यह # मंज़र भी थम् जाएगा । c̲o̲v̲i̲d̲-̲1̲9̲ ̲ # StayAtHomeAndStaySafe @ AcharyaPramodk @ narendramodi @ AnupamPKher,0
2020-04-29 23:19,KARANSI71480422,"@ socialepfo @ socialepfo @ epfobandra Hello EPFO team. UAN no 100064940405. Claim raised pre-covid on March18th, pending for 40 days? Standard process time on site is 7 days.claim was much before COVID lockdown. people processing NEFT claims manually?Digital governance ?",1
2020-04-29 23:19,sharifulazam5,"Hamare desh ko kin chijo ki jarurat? 1.Central vista project cost 20 cr? 2.bullet train coast 7000 cr? 3.Ram statue cost 2500 cr? 4.shiva ji statue cost 3500 cr? Ya phir 1.Covid 19 se ladne keliye ventilator PPE etc? 2. Garibo ko unka hak, school, college, hospitals rojgar",0
2020-04-29 23:18,ErickArabia,"I am seeing a lot of hate on this tweet. Now I don’t know if the Mayor actually hates the Jewish Community. What I do know is if he did, he wouldn’t be forcing them to stay in and be safe. He would want them to be exposed as much as possible to Covid-19. Am I wrong?",-1
2020-04-29 23:17,PathakSubhesh,"@ goairlinesindia I have my flight on 30th April, which have been cancelled due to Covid-19. I want my full refund in my account as per # DGCA. Not as credit shell. Please help my email id- subheshpathak@gmail.com @ DGCAIndia @ narendramodi",1
2020-04-29 23:17,ravi_sec,May b becoz our PM didn't second Trump's proposal to inject/ingest disinfectants as treatment option for COVID-19 positive patients,1
2020-04-29 23:17,AjayMohanAIIMS,"129 Markaz patients being discharged from NCI Jhajjar, exclusive Covid hospital of AIIMS Delhi, after being cured of # COVID19 # IndiaFightsCoronaviruspic.twitter.com/oIv7tHBduN",0
2020-04-29 23:17,ravimogli,"@ rajeshtope11 @ CPMumbaiPolice @ OfficeofUT @ uddhavthackeray @ AUThackeray @ CMOMaharashtra @ PMOIndia Dear sir plz send some help. My brother Srinivas Mogli has been detected corona positive and me I.e my sister and 2 children have developed covid symptoms. pic.twitter.com/73TT7Xr4Nv – bei nehru center, worli, mumbai",1
2020-04-29 23:16,rahu_kunal,"UK records an additional 3,811 deaths linked to COVID-19 as figure expands to include care home and wider community deaths https://twitter.com/i/events/1255540117248212993 …",0
2020-04-29 23:16,DarshilKMashru,"And yet, Maharashtra is leading the death toll. 40% of all COVID-19 deaths are from Maharashtra. Gujarat ranks comparatively lower, with 17.95%, and is at the second spot.",0
2020-04-29 23:16,BrightS53031659,After COVID 19 crisis. Schools opened in China... Safety meassures taken... pic.twitter.com/SmioOgWshQ,0
2020-04-29 23:15,ErickArabia,"Interesting, so if he truly wanted to hurt the Jewish Community wouldn’t he let them do anything that would expose them to Covid-19? It seems forcing them to obeying safety measures is the exact opposite of being hateful.",1
2020-04-29 23:13,KhalidMangariya,कल सुबह 9 बजे रघुराम राजन से COVID-19 की समस्या पर बात करेंगे राहुल गांधी,0
2020-04-29 23:12,GHadikarsa,"Kebetulan musim covid-19, Kalau Tdk Aseng itu tak dipedulikan . Sudah berapa yg masuk ? Apa keuntungan bagi rakyat Sultra. ?! https://twitter.com/QiraniAyar4/status/1255509859459629056 …",0
2020-04-29 23:12,Nmenon777,And my British friend actually said she was sure the announcement was a distraction from Drumpf's mishandling of COVID 19. I had to assure here there was nary a ripple.... https://twitter.com/RVAwonk/status/1255057887581347841 …,1
2020-04-29 23:11,geenews,"# gofreelance is highly appreciated please waive/reduce registration fee, looking COVID effect everywhere regards https://twitter.com/TECOMGroupDubai/status/1242432616583835650 …",1
2020-04-29 23:11,drmurukadas,"In India, # Covid_19 +ve cases has risen to 31787 today; 7979patients recovered so far(recovery rate 24.5%); total casualties 1008. Total Covid_19 active cases is 22800.Overall India is doing relatively better. Let us all join together to fight against # Covid_19 # StayHomeStaySafe",1
2020-04-29 23:07,ErickArabia,"So it seems to me, in the city that has highest death rate from Covid-19 per Capita than the entire world, enforcing quarantine is fighting for the safety of all. Am I wrong?",-1
2020-04-29 23:07,Shibalika_bebo,"@ MamataOfficial,We as a student of BHU are stuck in Varanasi,UP during this torrid COVID-19 times, Can you please help us by arranging a mode of transport for us to return back to Bengal our homeland since we appreciate your arrangement for transport for the students of Kota.",0
2020-04-29 23:07,abhishek_goldi,# StayHomeIndia A very moving video summarising the spirit of our Covid warriors https://twitter.com/MumbaiPolice/status/1255524767324651520 …,1
2020-04-29 23:06,SamdhaniSoeb,Namaskar ..i m writing this tweet from..LUDHIANA...I am stuck here due to COVID 19 ...I wz in d medical http://line.bt nw. am jobless.. m stuck n a very bad situation.I dont have any place to live here...i dont have food for my survival.. @ ravishndtv,-1
2020-04-29 23:05,alibomaye,"There are now 1,949 positive cases of COVID-19 in Afghanistan. In the last 24 hours, at least 120 new cases in 10 provinces were recorded. The six-week lockdown of Kabul is approaching its tail end as more and more people seem to be returning to the streets in recent days",1
2020-04-29 23:04,Coronavirus_CHN,"# ACTUALIZACION Brasil El país de América Latina con las cifras más altas de muertos e infectados por # coronavirus 71,886 5,017 # COVID__19 # pandemia",0
2020-04-29 23:04,amju_king,First City Corporation In Tamil Nadu Going to Become Zero Positive Covid Cases Soon Amazing # Vellore # MedicalCity # HistoricalCity All the 23 cases reported in Vellore City Corporation Limits Don't Get Confusion with District and Corporation # StayHome # StaySafepic.twitter.com/TCZ4pms1L9 – bei Cmc Vellore,1
2020-04-29 23:04,Neerajrawatnsui,श्री @ RahulGandhi जी COVID-19 से संबंधित महत्वपूर्ण मुद्दों और इसके आर्थिक प्रभाव पर RBI के पूर्व गवर्नर डॉ रघुराम राजन के साथ बातचीत करेंगे। कल सुबह 9 बजे सोशल मीडिया प्लेटफार्मों पर इस बातचीत को देखिये। pic.twitter.com/kqXA1Uz4AX,0
2020-04-29 23:04,ErickArabia,"Not to be contrary but wouldn’t the literal Hitler support any activity that exposes the Jewish Community to a virus like Covid-19? It seems, that by enforcing the safety restrictions(even against their will) is the opposite of what literal Hitler would do.",0
2020-04-29 23:04,Shibalika_bebo,"@ MamataOfficial,We as a student of BHU are stuck in Varanasi,UP during this torrid COVID-19 times, Can you please help us by arranging a mode of transport for us to return back to Bengal our homeland since we appreciate your arrangement for transport for the students of Kota.",0
2020-04-29 23:03,Shibalika_bebo,"@ MamataOfficial,We as a student of BHU are stuck in Varanasi,UP in this torrid COVID-19 times, Can you please help us by arranging a mode of transport for us to return back to Bengal our homeland since we appreciate your arrangement for transport for the students of Kota. https://twitter.com/Naveen_ALLEN/status/1255403637272125440 …",0
2020-04-29 23:03,23cdoc,Jugar PPE in Bihar How Doctors in Bihar doing COVID duty... Govt doesn't have money to Provide PPE to Health workers So it's practically a Suicide mission for all Health care workers @Warriors of Dharma https://www.instagram.com/p/B_ksOelndpc/?igshid=1dy92efv5q9ek …,0
2020-04-29 23:02,kailashpandey,"Dear @ ArvindKejriwal ji, please sack @ khan_zafarul immediately from his position as chairman of Delhi minorities commission. He's the same man who wrote u to omit mention of # TablighiJamat from Covid-19 bulletins & ur Govt obliged. Such an obnoxious threat should not be tolerated",0
2020-04-29 23:02,Devendr25548299,# goodnight # CoronavirusOutbreak # Covid https://twitter.com/DiyaMehroliya/status/1255373246133919746 …,0
2020-04-29 23:02,MohdIrshadPatha,"PHARMACIST + MEDICINE = LIFE Dear sir, I am a Registered PHARMACIST. I am ready to serve the Nation in the current COVID-19 pandemic situation. Kindly use my services & let me serve the Nation. # AcknowledgePharmacist come on tweeter",1
2020-04-29 23:01,Coronavirus_CHN,"# ACTUALIZACION España Las muertes por coronavirus en España bajaron a 301 en las últimas 24 horas y se confirmó el descenso de la curva de contagios. 236,108 24,275 # coronavirus # COVID__19 # pandemia",0
2020-04-29 23:00,ramanamurthy2k,Your ill intentions are out. Your govt failed miserably both on COVID and Law and order. And will collapse sooner or later.,-1
2020-04-29 23:00,bhaskaramritesh,अब तो आंखे खोले सरकार मदद करे हम कर सकते हमारे देश के बच्चों पे हम पर भरोसा करे । ऐसा ये जंग हम जीत जाएंगे । मेरे पास इलाज भी है और मैथड भी पर लोकडाउन में असमर्थ हूं साहब । Covid 19 treated by estradiol sir . @ narendramodi @ PMOIndiapic.twitter.com/1yuuQMGWPJ,0
2020-04-29 22:59,nisbahh,Help Contract tracing. Join me in stopping the spread of COVID-19! Download TraceEkee. Go to: https://trace.hpa.gov.mv/,0
2020-04-29 22:58,MoazzamAshraf07,mtlb kk ishq sy brta ha covid-19,0
2020-04-29 22:58,ShekharAgri,साथ ही साथ Covid-19 के सारे मामले ताकि हमारे झारखंड का Covid-19 graph आसमान छुने लगे. https://twitter.com/HemantSorenJMM/status/1255534243523866624 …,0
2020-04-29 22:57,Aydah_AlAwadhi,FDA Approves 6-weeks dosing schedule for pembrolizumab across all indications! Excellent news for the patients and crucial given the current COVID-19 pandemic! https://www.cancernetwork.com/article/fda-approves-additional-recommended-dose-pembrolizumab-adults …,1
2020-04-29 22:57,Shibalika_bebo,"@ MamataOfficial,We as a student of BHU are stuck in Varanasi,UP during this torrid COVID-19 times, Can you please help us by arranging a mode of transport for us to return back to Bengal our homeland since we appreciate your arrangement for transport for the students of Kota.",0
2020-04-29 22:56,Srikant68460323,"UK records an additional 3,811 deaths linked to COVID-19 as figure expands to include care home and wider community deaths https://twitter.com/i/events/1255540117248212993 …",0
2020-04-29 22:56,DarshanDevaiahB,"COVID-19 # Karnataka wrap: - Five ministers to undergo tests after TV journalist tests positive - 73-year-old man dies, Karnataka’s Covid-19 toll 21 - Karnataka starts testing frontline govt officials # KarnatakaFightsCorona @ IndianExpress Read: https://bit.ly/3aMRtJ9 pic.twitter.com/Xp6ZB4PkYP",1
2020-04-29 22:56,royalstarjelani,"@ KTRTRS @ HarishRaoOffice @ RaoKavitha Sir, I am shaik Jelanibasha can any company terminate the employee during this covid-19. Please help me sir. its very difficult to survive without salary. pic.twitter.com/X2zPPh8Grq",-1
2020-04-29 22:55,ankitjaine,"Video on Covid-19 awareness for community level workers, Hindi Language https://youtu.be/ykZJ-jcE-Do via @ YouTube",0
2020-04-29 22:55,psoshan,Reduce exposure to germs by avoiding cash handling. Switch to DigiCash Card for all your fueling needs. # StaySafe # PSO # DigiCash # COVID-19 # YourJourneyJustGotEasierpic.twitter.com/mHdkZaDyEU,0
2020-04-29 22:54,Jacksparrow9807,Stay Clean and Quarantine # Covid'19 # corona # stopcoronaviruspic.twitter.com/OdmXX3jNfF,1
2020-04-29 22:54,IamSiddprt001,No one listened me why?? @ rpbreakingnews you are the last hope only please help # NonEssential # redzone # Hotspot # Jaipur # Covid_19https://twitter.com/IamSiddprt001/status/1255541035586838528 …,0
2020-04-29 22:53,VivekSurana9,Stone Pelting as profession post covid-19. Interesting prospects https://twitter.com/_Piku__/status/1255542557829931011 …,1
2020-04-29 22:53,sharmavijay1984,Good news awaited a positive response since a longer despite exit soon COVID too earliest https://twitter.com/DrDenaGrayson/status/1255539939971923970 …,1
2020-04-29 22:52,Rajkuma52616302,# Who_Is_Real_SadGuru # Covid_19indiahttps://youtu.be/P0aIvVDUm8c,0
2020-04-29 22:52,neodalit,"Exciting news! Our podcast, JMN-PVCHR Humanitarian Work to Fight Back COVID 19, is now available on Overcast: https://overcast.fm/itunes1510237409/jmn-pvchr-humanitarian-work-to-fight-back-covid-19 …",1
2020-04-29 22:52,GabhruKhachar77,Discussed Covid-19 situation with MLAs of North East India. Appreciated their efforts in feeding the needy &face covers distribution Emphasised how BJP4India is helping Northeastern students living in other parts of India & to be ready for a longer COVID-19 battle @ JPNadda,1
